canonical_composer,canonical_title,split,year,midi_filename,audio_filename,duration
Domenico Scarlatti,"Sonata in C Major, K. 179",train,2009,2009/MIDI-Unprocessed_14_R1_2009_01-05_ORIG_MID--AUDIO_14_R1_2009_14_R1_2009_03_WAV.midi,2009/MIDI-Unprocessed_14_R1_2009_01-05_ORIG_MID--AUDIO_14_R1_2009_14_R1_2009_03_WAV.wav,132.728232656
Claude Debussy,"Etude ""Pour les huit doigts""",train,2009,2009/MIDI-Unprocessed_11_R1_2009_01-05_ORIG_MID--AUDIO_11_R1_2009_11_R1_2009_03_WAV.midi,2009/MIDI-Unprocessed_11_R1_2009_01-05_ORIG_MID--AUDIO_11_R1_2009_11_R1_2009_03_WAV.wav,90.9961696875
Claude Debussy,"Preludes Book II: “Feux d'artifice,” L 123, No. 12",train,2014,2014/MIDI-UNPROCESSED_06-08_R1_2014_MID--AUDIO_07_R1_2014_wav--5.midi,2014/MIDI-UNPROCESSED_06-08_R1_2014_MID--AUDIO_07_R1_2014_wav--5.wav,257.919079688
Frédéric Chopin,"Scherzo No. 1 in B Minor, Op. 20",validation,2011,2011/MIDI-Unprocessed_01_R1_2011_MID--AUDIO_R1-D1_06_Track06_wav.midi,2011/MIDI-Unprocessed_01_R1_2011_MID--AUDIO_R1-D1_06_Track06_wav.wav,506.0037675
Franz Schubert,"Sonata in C Minor, D. 958 (Complete)",train,2014,2014/MIDI-UNPROCESSED_04-07-08-10-12-15-17_R2_2014_MID--AUDIO_07_R2_2014_wav.midi,2014/MIDI-UNPROCESSED_04-07-08-10-12-15-17_R2_2014_MID--AUDIO_07_R2_2014_wav.wav,1790.89831594
Johann Sebastian Bach,"Prelude and Fugue in A Minor, WTC II, BWV 889",train,2015,2015/MIDI-Unprocessed_R1_D1-9-12_mid--AUDIO-from_mp3_12_R1_2015_wav--1.midi,2015/MIDI-Unprocessed_R1_D1-9-12_mid--AUDIO-from_mp3_12_R1_2015_wav--1.wav,236.185416667
Sergei Rachmaninoff,Polka de W.R.,validation,2004,2004/MIDI-Unprocessed_SMF_13_01_2004_01-05_ORIG_MID--AUDIO_13_R1_2004_12_Track12_wav.midi,2004/MIDI-Unprocessed_SMF_13_01_2004_01-05_ORIG_MID--AUDIO_13_R1_2004_12_Track12_wav.wav,243.356119704
Sergei Rachmaninoff / György Cziffra,Flight of B.B.,train,2006,2006/MIDI-Unprocessed_12_R1_2006_01-08_ORIG_MID--AUDIO_12_R1_2006_08_Track08_wav.midi,2006/MIDI-Unprocessed_12_R1_2006_01-08_ORIG_MID--AUDIO_12_R1_2006_08_Track08_wav.wav,114.58321875
Frédéric Chopin,Etude Op. 25 No. 6,train,2013,2013/ORIG-MIDI_01_7_6_13_Group__MID--AUDIO_03_R1_2013_wav--3.midi,2013/ORIG-MIDI_01_7_6_13_Group__MID--AUDIO_03_R1_2013_wav--3.wav,120.675627187
Franz Liszt,"Valse de l'opera Faust de Charles Gounod, S.407",train,2017,2017/MIDI-Unprocessed_072_PIANO072_MID--AUDIO-split_07-08-17_Piano-e_1-06_wav--4.midi,2017/MIDI-Unprocessed_072_PIANO072_MID--AUDIO-split_07-08-17_Piano-e_1-06_wav--4.wav,549.447094021
Franz Liszt / Vladimir Horowitz,Hungarian Rhapsody No. 2 (Horowitz Edition),validation,2008,2008/MIDI-Unprocessed_09_R2_2008_01-05_ORIG_MID--AUDIO_09_R2_2008_wav--5.midi,2008/MIDI-Unprocessed_09_R2_2008_01-05_ORIG_MID--AUDIO_09_R2_2008_wav--5.wav,529.54006875
Ludwig van Beethoven,"Sonata No. 5 in C Minor, Op. 10 No. 1, I. Allegro molto e con brio",test,2015,2015/MIDI-Unprocessed_R1_D2-13-20_mid--AUDIO-from_mp3_16_R1_2015_wav--2.midi,2015/MIDI-Unprocessed_R1_D2-13-20_mid--AUDIO-from_mp3_16_R1_2015_wav--2.wav,236.041666667
Isaac Albéniz / Leopold Godowsky,Tango,train,2009,2009/MIDI-Unprocessed_03_R1_2009_03-08_ORIG_MID--AUDIO_03_R1_2009_03_R1_2009_07_WAV.midi,2009/MIDI-Unprocessed_03_R1_2009_03-08_ORIG_MID--AUDIO_03_R1_2009_03_R1_2009_07_WAV.wav,171.362008125
Frédéric Chopin,Etude Op. 25 No. 11,train,2015,2015/MIDI-Unprocessed_R1_D2-13-20_mid--AUDIO-from_mp3_18_R1_2015_wav--2.midi,2015/MIDI-Unprocessed_R1_D2-13-20_mid--AUDIO-from_mp3_18_R1_2015_wav--2.wav,210.821875
Sergei Rachmaninoff,"Prelude in G-Sharp Minor,Op. 32 No. 12",test,2011,2011/MIDI-Unprocessed_03_R2_2011_MID--AUDIO_R2-D1_06_Track06_wav.midi,2011/MIDI-Unprocessed_03_R2_2011_MID--AUDIO_R2-D1_06_Track06_wav.wav,127.737585938
Claude Debussy,Jardins sous la pluie from Estampes,test,2011,2011/MIDI-Unprocessed_04_R3_2011_MID--AUDIO_R3-D2_05_Track05_wav.midi,2011/MIDI-Unprocessed_04_R3_2011_MID--AUDIO_R3-D2_05_Track05_wav.wav,207.262079062
Ludwig van Beethoven,"Rondo, Op. 129",test,2014,2014/MIDI-UNPROCESSED_14-15_R1_2014_MID--AUDIO_15_R1_2014_wav--2.midi,2014/MIDI-UNPROCESSED_14-15_R1_2014_MID--AUDIO_15_R1_2014_wav--2.wav,338.34367875
Ludwig van Beethoven,"Thirty-Two Variations  in C Minor, WoO 80",train,2015,2015/MIDI-Unprocessed_R2_D2-19-21-22_mid--AUDIO-from_mp3_19_R2_2015_wav--2.midi,2015/MIDI-Unprocessed_R2_D2-19-21-22_mid--AUDIO-from_mp3_19_R2_2015_wav--2.wav,649.673958333
Franz Schubert,"Sonata in C Major, D841",test,2009,2009/MIDI-Unprocessed_16_R2_2009_01_ORIG_MID--AUDIO_16_R2_2009_16_R2_2009_02_WAV.midi,2009/MIDI-Unprocessed_16_R2_2009_01_ORIG_MID--AUDIO_16_R2_2009_16_R2_2009_02_WAV.wav,540.345346406
Robert Schumann,Fantasie Op. 17,train,2018,2018/MIDI-Unprocessed_Recital17-19_MID--AUDIO_17_R1_2018_wav--4.midi,2018/MIDI-Unprocessed_Recital17-19_MID--AUDIO_17_R1_2018_wav--4.wav,1894.08063797
Johann Sebastian Bach,French Suite No. 5 in G Major,train,2004,2004/MIDI-Unprocessed_SMF_02_R1_2004_01-05_ORIG_MID--AUDIO_02_R1_2004_05_Track05_wav.midi,2004/MIDI-Unprocessed_SMF_02_R1_2004_01-05_ORIG_MID--AUDIO_02_R1_2004_05_Track05_wav.wav,968.256759019
Franz Schubert,"Impromptu Op. 142 No. 1 in F Minor, D. 935",train,2017,2017/MIDI-Unprocessed_075_PIANO075_MID--AUDIO-split_07-08-17_Piano-e_2-06_wav--1.midi,2017/MIDI-Unprocessed_075_PIANO075_MID--AUDIO-split_07-08-17_Piano-e_2-06_wav--1.wav,578.621096367
Johann Sebastian Bach / Franz Liszt,"Prelude and Fugue in A Minor, S.462/1",train,2011,2011/MIDI-Unprocessed_25_R3_2011_MID--AUDIO_R3-D9_03_Track03_wav.midi,2011/MIDI-Unprocessed_25_R3_2011_MID--AUDIO_R3-D9_03_Track03_wav.wav,362.185802344
Sergei Rachmaninoff,Lilac,validation,2006,2006/MIDI-Unprocessed_12_R1_2006_01-08_ORIG_MID--AUDIO_12_R1_2006_03_Track03_wav.midi,2006/MIDI-Unprocessed_12_R1_2006_01-08_ORIG_MID--AUDIO_12_R1_2006_03_Track03_wav.wav,138.394626563
Franz Schubert,Sonata in A D962,train,2006,2006/MIDI-Unprocessed_07_R2_2006_01_ORIG_MID--AUDIO_07_R2_2006_04_Track04_wav.midi,2006/MIDI-Unprocessed_07_R2_2006_01_ORIG_MID--AUDIO_07_R2_2006_04_Track04_wav.wav,648.601114219
Frédéric Chopin,Etude Op. 25 No. 11 in A Minor,train,2011,2011/MIDI-Unprocessed_17_R1_2011_MID--AUDIO_R1-D7_04_Track04_wav.midi,2011/MIDI-Unprocessed_17_R1_2011_MID--AUDIO_R1-D7_04_Track04_wav.wav,193.441312969
Franz Liszt,Venezia e Napoli,train,2011,2011/MIDI-Unprocessed_22_R3_2011_MID--AUDIO_R3-D7_07_Track07_wav.midi,2011/MIDI-Unprocessed_22_R3_2011_MID--AUDIO_R3-D7_07_Track07_wav.wav,327.398176875
Franz Schubert,"Sonata in G Major, D. 894",train,2009,2009/MIDI-Unprocessed_19_R2_2009_01_ORIG_MID--AUDIO_19_R2_2009_19_R2_2009_01_WAV.midi,2009/MIDI-Unprocessed_19_R2_2009_01_ORIG_MID--AUDIO_19_R2_2009_19_R2_2009_01_WAV.wav,928.51402875
Robert Schumann,ABEGG Variations Op. 1,train,2011,2011/MIDI-Unprocessed_04_R1_2011_MID--AUDIO_R1-D2_06_Track06_wav.midi,2011/MIDI-Unprocessed_04_R1_2011_MID--AUDIO_R1-D2_06_Track06_wav.wav,456.623475
Franz Liszt,Mephisto Waltz No. 1,train,2009,2009/MIDI-Unprocessed_17_R1_2009_01-03_ORIG_MID--AUDIO_17_R1_2009_17_R1_2009_03_WAV.midi,2009/MIDI-Unprocessed_17_R1_2009_01-03_ORIG_MID--AUDIO_17_R1_2009_17_R1_2009_03_WAV.wav,641.020993594
Claude Debussy,"""Les collines d'Anacapri"" from Preludes, Book I",train,2008,2008/MIDI-Unprocessed_07_R3_2008_01-05_ORIG_MID--AUDIO_07_R3_2008_wav--3.midi,2008/MIDI-Unprocessed_07_R3_2008_01-05_ORIG_MID--AUDIO_07_R3_2008_wav--3.wav,166.49556
Ludwig van Beethoven,"Thirty-Two Variations in C minor, WoO 80    ",train,2015,2015/MIDI-Unprocessed_R2_D1-2-3-6-7-8-11_mid--AUDIO-from_mp3_08_R2_2015_wav--1.midi,2015/MIDI-Unprocessed_R2_D1-2-3-6-7-8-11_mid--AUDIO-from_mp3_08_R2_2015_wav--1.wav,658.1875
Frédéric Chopin,"Scherzo No. 2 in B-flat Minor, Op. 31",train,2015,2015/MIDI-Unprocessed_R2_D1-2-3-6-7-8-11_mid--AUDIO-from_mp3_06_R2_2015_wav--4.midi,2015/MIDI-Unprocessed_R2_D1-2-3-6-7-8-11_mid--AUDIO-from_mp3_06_R2_2015_wav--4.wav,536.088541667
Joseph Haydn,"Sonata in E-flat Major, Hob. XVI: 52, I. Allegro",train,2015,2015/MIDI-Unprocessed_R1_D2-13-20_mid--AUDIO-from_mp3_14_R1_2015_wav--2.midi,2015/MIDI-Unprocessed_R1_D2-13-20_mid--AUDIO-from_mp3_14_R1_2015_wav--2.wav,339.421875
Claude Debussy,"Preludes No. 2, 6, 12",train,2004,2004/MIDI-Unprocessed_SMF_12_01_2004_01-05_ORIG_MID--AUDIO_12_R1_2004_09_Track09_wav.midi,2004/MIDI-Unprocessed_SMF_12_01_2004_01-05_ORIG_MID--AUDIO_12_R1_2004_09_Track09_wav.wav,260.039831171
Johann Sebastian Bach,"Prelude and Fugue in E-flat Minor WTC I, BWV 853",train,2017,2017/MIDI-Unprocessed_058_PIANO058_MID--AUDIO-split_07-07-17_Piano-e_2-02_wav--1.midi,2017/MIDI-Unprocessed_058_PIANO058_MID--AUDIO-split_07-07-17_Piano-e_2-02_wav--1.wav,511.423776062
Claude Debussy,"""Ondine"" from Book II",train,2008,2008/MIDI-Unprocessed_10_R3_2008_01-05_ORIG_MID--AUDIO_10_R3_2008_wav--3.midi,2008/MIDI-Unprocessed_10_R3_2008_01-05_ORIG_MID--AUDIO_10_R3_2008_wav--3.wav,193.30108875
Franz Schubert,Impromptu Op. 90 No. 4 in A-flat Major,test,2015,2015/MIDI-Unprocessed_R2_D1-2-3-6-7-8-11_mid--AUDIO-from_mp3_03_R2_2015_wav--1.midi,2015/MIDI-Unprocessed_R2_D1-2-3-6-7-8-11_mid--AUDIO-from_mp3_03_R2_2015_wav--1.wav,112.872916667
Felix Mendelssohn / Sergei Rachmaninoff,"Scherzo from Mendelssohn's ""Midsummer Night's Dream""",train,2008,2008/MIDI-Unprocessed_08_R2_2008_01-04_ORIG_MID--AUDIO_08_R2_2008_wav--4.midi,2008/MIDI-Unprocessed_08_R2_2008_01-04_ORIG_MID--AUDIO_08_R2_2008_wav--4.wav,261.753210469
Alexander Scriabin,"Sonata No. 3 in F-sharp Minor, Op. 23",train,2018,2018/MIDI-Unprocessed_Chamber6_MID--AUDIO_20_R3_2018_wav--2.midi,2018/MIDI-Unprocessed_Chamber6_MID--AUDIO_20_R3_2018_wav--2.wav,1117.95828375
Ludwig van Beethoven,"Sonata No. 7, Op. 10 No. 3 in D Major, I. Presto",train,2017,2017/MIDI-Unprocessed_067_PIANO067_MID--AUDIO-split_07-07-17_Piano-e_3-03_wav--2.midi,2017/MIDI-Unprocessed_067_PIANO067_MID--AUDIO-split_07-07-17_Piano-e_3-03_wav--2.wav,289.1011475
Frédéric Chopin,"Andante Spianato and Grande Polonaise Brillante, Op. 22",train,2009,2009/MIDI-Unprocessed_21_R1_2009_01-03_ORIG_MID--AUDIO_21_R1_2009_21_R1_2009_03_WAV.midi,2009/MIDI-Unprocessed_21_R1_2009_01-03_ORIG_MID--AUDIO_21_R1_2009_21_R1_2009_03_WAV.wav,794.2513425
Claude Debussy,"Preludes, Book II, L 123, IV. «Les fées sont d'exquises danseuses»",train,2015,2015/MIDI-Unprocessed_R1_D1-1-8_mid--AUDIO-from_mp3_02_R1_2015_wav--4.midi,2015/MIDI-Unprocessed_R1_D1-1-8_mid--AUDIO-from_mp3_02_R1_2015_wav--4.wav,173.302083333
Isaac Albéniz,"Iberia, Evocation, Triana",train,2004,2004/MIDI-Unprocessed_XP_04_R1_2004_03-05_ORIG_MID--AUDIO_04_R1_2004_05_Track05_wav.midi,2004/MIDI-Unprocessed_XP_04_R1_2004_03-05_ORIG_MID--AUDIO_04_R1_2004_05_Track05_wav.wav,291.849566392
Wolfgang Amadeus Mozart,"Sonata in D Major, K.311",train,2009,2009/MIDI-Unprocessed_05_R1_2009_01-02_ORIG_MID--AUDIO_05_R1_2009_05_R1_2009_01_WAV.midi,2009/MIDI-Unprocessed_05_R1_2009_01-02_ORIG_MID--AUDIO_05_R1_2009_05_R1_2009_01_WAV.wav,792.420414844
Frédéric Chopin,"Scherzo No. 4 in E Major, Op. 54",train,2017,2017/MIDI-Unprocessed_053_PIANO053_MID--AUDIO-split_07-06-17_Piano-e_3-04_wav--4.midi,2017/MIDI-Unprocessed_053_PIANO053_MID--AUDIO-split_07-06-17_Piano-e_3-04_wav--4.wav,655.006405837
Robert Schumann,"ABEGG Variations, Op. 1",train,2013,2013/ORIG-MIDI_02_7_8_13_Group__MID--AUDIO_08_R2_2013_wav--3.midi,2013/ORIG-MIDI_02_7_8_13_Group__MID--AUDIO_08_R2_2013_wav--3.wav,389.577601875
Frédéric Chopin,Etude Op. 25 No. 10 in B Minor,train,2017,2017/MIDI-Unprocessed_041_PIANO041_MID--AUDIO-split_07-06-17_Piano-e_1-01_wav--3.midi,2017/MIDI-Unprocessed_041_PIANO041_MID--AUDIO-split_07-06-17_Piano-e_1-01_wav--3.wav,237.363153154
Franz Schubert,"Sonata in C major, D. 840 (Complete)",test,2014,2014/MIDI-UNPROCESSED_19-20-21_R2_2014_MID--AUDIO_20_R2_2014_wav.midi,2014/MIDI-UNPROCESSED_19-20-21_R2_2014_MID--AUDIO_20_R2_2014_wav.wav,1579.19446781
Franz Schubert / Franz Liszt,"Song Transcriptions: Aufenthalt, Gretchen am Spinnrade, Standchen von Shakespeare, Der Erlkonig",test,2004,2004/MIDI-Unprocessed_XP_18_R1_2004_01-02_ORIG_MID--AUDIO_18_R1_2004_03_Track03_wav.midi,2004/MIDI-Unprocessed_XP_18_R1_2004_01-02_ORIG_MID--AUDIO_18_R1_2004_03_Track03_wav.wav,189.921448277
Joseph Haydn,"Sonata in E flat Major, Hob. XVI: 49, I. Allegro",test,2015,2015/MIDI-Unprocessed_R1_D1-1-8_mid--AUDIO-from_mp3_04_R1_2015_wav--2.midi,2015/MIDI-Unprocessed_R1_D1-1-8_mid--AUDIO-from_mp3_04_R1_2015_wav--2.wav,299.194791667
Frédéric Chopin,"Barcarolle, Op. 60",train,2017,2017/MIDI-Unprocessed_049_PIANO049_MID--AUDIO-split_07-06-17_Piano-e_2-06_wav--5.midi,2017/MIDI-Unprocessed_049_PIANO049_MID--AUDIO-split_07-06-17_Piano-e_2-06_wav--5.wav,519.593607825
Sergei Rachmaninoff,Elegie in E-Flat Minor Op. 3,validation,2011,2011/MIDI-Unprocessed_12_R2_2011_MID--AUDIO_R2-D4_02_Track02_wav.midi,2011/MIDI-Unprocessed_12_R2_2011_MID--AUDIO_R2-D4_02_Track02_wav.wav,376.323074531
Frédéric Chopin,Etude Op. 10 No. 12,test,2015,2015/MIDI-Unprocessed_R1_D1-9-12_mid--AUDIO-from_mp3_11_R1_2015_wav--3.midi,2015/MIDI-Unprocessed_R1_D1-9-12_mid--AUDIO-from_mp3_11_R1_2015_wav--3.wav,150.49375
Frédéric Chopin,Etude Op. 10 No. 2,train,2015,2015/MIDI-Unprocessed_R1_D2-13-20_mid--AUDIO-from_mp3_15_R1_2015_wav--2.midi,2015/MIDI-Unprocessed_R1_D2-13-20_mid--AUDIO-from_mp3_15_R1_2015_wav--2.wav,81.2895833333
Ludwig van Beethoven,Sonata Op. 54 in F Major,train,2004,2004/MIDI-Unprocessed_XP_15_R1_2004_01-02_ORIG_MID--AUDIO_15_R1_2004_01_Track01_wav.midi,2004/MIDI-Unprocessed_XP_15_R1_2004_01-02_ORIG_MID--AUDIO_15_R1_2004_01_Track01_wav.wav,534.516585565
Franz Schubert,"Sonata in C Minor, D. 959",train,2009,2009/MIDI-Unprocessed_12_R2_2009_01_ORIG_MID--AUDIO_12_R2_2009_12_R2_2009_02_WAV.midi,2009/MIDI-Unprocessed_12_R2_2009_01_ORIG_MID--AUDIO_12_R2_2009_12_R2_2009_02_WAV.wav,573.772129219
Frédéric Chopin,Etude Op. 10 No. 10 in A-flat Major,train,2017,2017/MIDI-Unprocessed_053_PIANO053_MID--AUDIO-split_07-06-17_Piano-e_3-04_wav--2.midi,2017/MIDI-Unprocessed_053_PIANO053_MID--AUDIO-split_07-06-17_Piano-e_3-04_wav--2.wav,124.78143985
Frédéric Chopin,Etude Op. 25 No. 11,train,2013,2013/ORIG-MIDI_02_7_8_13_Group__MID--AUDIO_08_R2_2013_wav--2.midi,2013/ORIG-MIDI_02_7_8_13_Group__MID--AUDIO_08_R2_2013_wav--2.wav,193.874004844
Ludwig van Beethoven,"Thirty-Two Variations in C Minor, WoO 80",train,2017,2017/MIDI-Unprocessed_071_PIANO071_MID--AUDIO-split_07-08-17_Piano-e_1-04_wav--1.midi,2017/MIDI-Unprocessed_071_PIANO071_MID--AUDIO-split_07-08-17_Piano-e_1-04_wav--1.wav,604.837848246
Felix Mendelssohn,"Rondo Capriccioso in E Minor, Op. 14",validation,2011,2011/MIDI-Unprocessed_16_R1_2011_MID--AUDIO_R1-D6_15_Track15_wav.midi,2011/MIDI-Unprocessed_16_R1_2011_MID--AUDIO_R1-D6_15_Track15_wav.wav,359.457439688
Ludwig van Beethoven,"Sonata No. 26 in E-Flat Major, Op. 81a, ""Les Adiex"", First Movement",train,2011,2011/MIDI-Unprocessed_17_R1_2011_MID--AUDIO_R1-D7_03_Track03_wav.midi,2011/MIDI-Unprocessed_17_R1_2011_MID--AUDIO_R1-D7_03_Track03_wav.wav,338.045869219
Frédéric Chopin,"Scherzo No. 4 in E Major, Op. 54",train,2015,2015/MIDI-Unprocessed_R1_D2-13-20_mid--AUDIO-from_mp3_15_R1_2015_wav--5.midi,2015/MIDI-Unprocessed_R1_D2-13-20_mid--AUDIO-from_mp3_15_R1_2015_wav--5.wav,665.485416667
Johann Sebastian Bach,Partita No. 6 in E Minor,train,2009,2009/MIDI-Unprocessed_10_R1_2009_01-02_ORIG_MID--AUDIO_10_R1_2009_10_R1_2009_01_WAV.midi,2009/MIDI-Unprocessed_10_R1_2009_01-02_ORIG_MID--AUDIO_10_R1_2009_10_R1_2009_01_WAV.wav,1286.67739922
Franz Liszt,"Sonata in B Minor, S. 178",train,2009,2009/MIDI-Unprocessed_21_R1_2009_04_ORIG_MID--AUDIO_21_R1_2009_21_R1_2009_04_WAV.midi,2009/MIDI-Unprocessed_21_R1_2009_04_ORIG_MID--AUDIO_21_R1_2009_21_R1_2009_04_WAV.wav,1726.19619047
Frédéric Chopin,Nocturne Op. 9 No. 2 in E-flat Major,validation,2011,2011/MIDI-Unprocessed_06_R3_2011_MID--AUDIO_R3-D3_05_Track05_wav.midi,2011/MIDI-Unprocessed_06_R3_2011_MID--AUDIO_R3-D3_05_Track05_wav.wav,220.688881875
Franz Liszt,Spanish Rhapsody,train,2004,2004/MIDI-Unprocessed_XP_06_R1_2004_02-03_ORIG_MID--AUDIO_06_R1_2004_05_Track05_wav.midi,2004/MIDI-Unprocessed_XP_06_R1_2004_02-03_ORIG_MID--AUDIO_06_R1_2004_05_Track05_wav.wav,750.325777985
Alexander Scriabin,Sonata No. 9,test,2006,2006/MIDI-Unprocessed_01_R1_2006_01-09_ORIG_MID--AUDIO_01_R1_2006_04_Track04_wav.midi,2006/MIDI-Unprocessed_01_R1_2006_01-09_ORIG_MID--AUDIO_01_R1_2006_04_Track04_wav.wav,476.652835312
Franz Schubert,"Sonata in A Major, D959",train,2018,2018/MIDI-Unprocessed_Schubert1-3_MID--AUDIO_07_R2_2018_wav.midi,2018/MIDI-Unprocessed_Schubert1-3_MID--AUDIO_07_R2_2018_wav.wav,2244.51297984
Johann Sebastian Bach,"Prelude and Fugue in F-sharp Minor, WTC II, BWV 883",validation,2013,2013/ORIG-MIDI_02_7_6_13_Group__MID--AUDIO_06_R1_2013_wav--2.midi,2013/ORIG-MIDI_02_7_6_13_Group__MID--AUDIO_06_R1_2013_wav--2.wav,401.079994219
Franz Schubert,"Sonata in G Major, D. 894",train,2009,2009/MIDI-Unprocessed_08_R2_2009_01_ORIG_MID--AUDIO_08_R2_2009_08_R2_2009_01_WAV.midi,2009/MIDI-Unprocessed_08_R2_2009_01_ORIG_MID--AUDIO_08_R2_2009_08_R2_2009_01_WAV.wav,774.434321719
Frédéric Chopin,Etude Op. 10 No. 4 in C-Sharp Minor,train,2011,2011/MIDI-Unprocessed_18_R1_2011_MID--AUDIO_R1-D7_09_Track09_wav.midi,2011/MIDI-Unprocessed_18_R1_2011_MID--AUDIO_R1-D7_09_Track09_wav.wav,113.671093594
Ludwig van Beethoven,"Sonata No. 7 in D Major, Op. 10 No. 3",train,2018,2018/MIDI-Unprocessed_Recital1-3_MID--AUDIO_03_R1_2018_wav--1.midi,2018/MIDI-Unprocessed_Recital1-3_MID--AUDIO_03_R1_2018_wav--1.wav,1254.06391687
Frédéric Chopin,"Nocturne in C-Sharp Minor, Op. Posth.",train,2014,2014/MIDI-UNPROCESSED_04-05_R1_2014_MID--AUDIO_05_R1_2014_wav--6.midi,2014/MIDI-UNPROCESSED_04-05_R1_2014_MID--AUDIO_05_R1_2014_wav--6.wav,230.862482812
Franz Liszt,Hungarian Rhapsody No. 13 (arr. Volodos),validation,2013,2013/ORIG-MIDI_02_7_8_13_Group__MID--AUDIO_14_R2_2013_wav--4.midi,2013/ORIG-MIDI_02_7_8_13_Group__MID--AUDIO_14_R2_2013_wav--4.wav,421.862558906
Joseph Haydn,"Sonata in C Major, Hob. XVI: 50, I. Allegro",train,2015,2015/MIDI-Unprocessed_R1_D2-13-20_mid--AUDIO-from_mp3_15_R1_2015_wav--3.midi,2015/MIDI-Unprocessed_R1_D2-13-20_mid--AUDIO-from_mp3_15_R1_2015_wav--3.wav,325.622916667
Joseph Haydn,"Sonata E-Flat Major, Hob. XVI:49, First Movement",test,2011,2011/MIDI-Unprocessed_04_R1_2011_MID--AUDIO_R1-D2_03_Track03_wav.midi,2011/MIDI-Unprocessed_04_R1_2011_MID--AUDIO_R1-D2_03_Track03_wav.wav,298.232874844
Franz Schubert,Sonata in A D960,train,2006,2006/MIDI-Unprocessed_01_R2_2006_01_ORIG_MID--AUDIO_01_R2_2006_02_Track02_wav.midi,2006/MIDI-Unprocessed_01_R2_2006_01_ORIG_MID--AUDIO_01_R2_2006_02_Track02_wav.wav,435.830226563
Frédéric Chopin,"Complete Etudes, Opus 25",train,2004,2004/MIDI-Unprocessed_SMF_17_R1_2004_04_ORIG_MID--AUDIO_17_R1_2004_09_Track09_wav.midi,2004/MIDI-Unprocessed_SMF_17_R1_2004_04_ORIG_MID--AUDIO_17_R1_2004_09_Track09_wav.wav,1203.88854254
Franz Liszt,"Hungarian Rhapsody No. 10, S. 244/10",train,2011,2011/MIDI-Unprocessed_23_R2_2011_MID--AUDIO_R2-D6_04_Track04_wav.midi,2011/MIDI-Unprocessed_23_R2_2011_MID--AUDIO_R2-D6_04_Track04_wav.wav,334.736577656
Wolfgang Amadeus Mozart,"Sonata in D Major, K. 576 (Complete)",train,2014,2014/MIDI-UNPROCESSED_09-10_R1_2014_MID--AUDIO_09_R1_2014_wav--1.midi,2014/MIDI-UNPROCESSED_09-10_R1_2014_MID--AUDIO_09_R1_2014_wav--1.wav,790.820523281
Ludwig van Beethoven,"Sonata No. 17, Op. 31 No. 2 in D Minor ""Tempest"", I. Largo-Allegro",train,2017,2017/MIDI-Unprocessed_055_PIANO055_MID--AUDIO-split_07-07-17_Piano-e_1-04_wav--2.midi,2017/MIDI-Unprocessed_055_PIANO055_MID--AUDIO-split_07-07-17_Piano-e_1-04_wav--2.wav,355.351891246
Franz Liszt,"Grandes études de Paganini, No. 3 ""La campanella"", S.141/3",train,2017,2017/MIDI-Unprocessed_054_PIANO054_MID--AUDIO-split_07-07-17_Piano-e_1-02_wav--3.midi,2017/MIDI-Unprocessed_054_PIANO054_MID--AUDIO-split_07-07-17_Piano-e_1-02_wav--3.wav,264.791437558
Ludwig van Beethoven,"Sonata No. 26 in 3-flat Major, Op. 81a (2nd & 3rd Movements)",train,2004,2004/MIDI-Unprocessed_XP_09_R1_2004_01-02_ORIG_MID--AUDIO_09_R1_2004_03_Track03_wav.midi,2004/MIDI-Unprocessed_XP_09_R1_2004_01-02_ORIG_MID--AUDIO_09_R1_2004_03_Track03_wav.wav,453.392893256
Franz Schubert,"Sonata in C Minor, D. 960",train,2009,2009/MIDI-Unprocessed_12_R2_2009_01_ORIG_MID--AUDIO_12_R2_2009_12_R2_2009_03_WAV.midi,2009/MIDI-Unprocessed_12_R2_2009_01_ORIG_MID--AUDIO_12_R2_2009_12_R2_2009_03_WAV.wav,151.10027625
Johann Sebastian Bach,"Prelude and Fugue in D Major, WTC II, BWV 874",train,2015,2015/MIDI-Unprocessed_R1_D2-13-20_mid--AUDIO-from_mp3_19_R1_2015_wav--1.midi,2015/MIDI-Unprocessed_R1_D2-13-20_mid--AUDIO-from_mp3_19_R1_2015_wav--1.wav,373.192708333
Johann Sebastian Bach / Franz Liszt,Var. on BACH,train,2006,2006/MIDI-Unprocessed_20_R1_2006_01-04_ORIG_MID--AUDIO_20_R1_2006_01_Track01_wav.midi,2006/MIDI-Unprocessed_20_R1_2006_01-04_ORIG_MID--AUDIO_20_R1_2006_01_Track01_wav.wav,871.552280156
Claude Debussy,Images Book II,train,2006,2006/MIDI-Unprocessed_24_R1_2006_01-05_ORIG_MID--AUDIO_24_R1_2006_02_Track02_wav.midi,2006/MIDI-Unprocessed_24_R1_2006_01-05_ORIG_MID--AUDIO_24_R1_2006_02_Track02_wav.wav,679.697504063
Frédéric Chopin,Ballade No. 2 in F Major,train,2008,2008/MIDI-Unprocessed_02_R3_2008_01-03_ORIG_MID--AUDIO_02_R3_2008_wav--2.midi,2008/MIDI-Unprocessed_02_R3_2008_01-03_ORIG_MID--AUDIO_02_R3_2008_wav--2.wav,340.642020469
Johann Sebastian Bach,"Duet in E Minor, BWV 802",train,2009,2009/MIDI-Unprocessed_06_R1_2009_03-07_ORIG_MID--AUDIO_06_R1_2009_06_R1_2009_03_WAV.midi,2009/MIDI-Unprocessed_06_R1_2009_03-07_ORIG_MID--AUDIO_06_R1_2009_06_R1_2009_03_WAV.wav,131.834804063
Franz Schubert,"Impromptu Op. 142 No. 1 in F Minor, D. 935",train,2017,2017/MIDI-Unprocessed_081_PIANO081_MID--AUDIO-split_07-09-17_Piano-e_2_-02_wav--3.midi,2017/MIDI-Unprocessed_081_PIANO081_MID--AUDIO-split_07-09-17_Piano-e_2_-02_wav--3.wav,566.241883521
Franz Liszt,"Réminiscences de Don Juan, S.418",test,2014,2014/MIDI-UNPROCESSED_11-13_R1_2014_MID--AUDIO_13_R1_2014_wav--6.midi,2014/MIDI-UNPROCESSED_11-13_R1_2014_MID--AUDIO_13_R1_2014_wav--6.wav,977.023595625
Frédéric Chopin,Etude Op. 25 No. 12,train,2015,2015/MIDI-Unprocessed_R1_D1-1-8_mid--AUDIO-from_mp3_04_R1_2015_wav--4.midi,2015/MIDI-Unprocessed_R1_D1-1-8_mid--AUDIO-from_mp3_04_R1_2015_wav--4.wav,136.692708333
Franz Schubert,Sonata in A Min.,train,2006,2006/MIDI-Unprocessed_22_R2_2006_01_ORIG_MID--AUDIO_22_R2_2006_04_Track04_wav.midi,2006/MIDI-Unprocessed_22_R2_2006_01_ORIG_MID--AUDIO_22_R2_2006_04_Track04_wav.wav,308.593441406
Robert Schumann,"Toccata in C Major, Op. 7",test,2014,2014/MIDI-UNPROCESSED_19-20_R1_2014_MID--AUDIO_19_R1_2014_wav--8.midi,2014/MIDI-UNPROCESSED_19-20_R1_2014_MID--AUDIO_19_R1_2014_wav--8.wav,292.591854844
Frédéric Chopin,"Berceuse, Op. 57",validation,2015,2015/MIDI-Unprocessed_R1_D1-9-12_mid--AUDIO-from_mp3_09_R1_2015_wav--4.midi,2015/MIDI-Unprocessed_R1_D1-9-12_mid--AUDIO-from_mp3_09_R1_2015_wav--4.wav,273.486458333
Claude Debussy,"Etude ""Pour le arpeges composes""",train,2009,2009/MIDI-Unprocessed_11_R1_2009_01-05_ORIG_MID--AUDIO_11_R1_2009_11_R1_2009_02_WAV.midi,2009/MIDI-Unprocessed_11_R1_2009_01-05_ORIG_MID--AUDIO_11_R1_2009_11_R1_2009_02_WAV.wav,274.671199688
Ludwig van Beethoven,Sonata Op. 78,train,2006,2006/MIDI-Unprocessed_05_R1_2006_01-05_ORIG_MID--AUDIO_05_R1_2006_01_Track01_wav.midi,2006/MIDI-Unprocessed_05_R1_2006_01-05_ORIG_MID--AUDIO_05_R1_2006_01_Track01_wav.wav,470.609839219
Johann Sebastian Bach,"Italian Concerto, BWV 971",train,2018,2018/MIDI-Unprocessed_Recital13-15_MID--AUDIO_14_R1_2018_wav--1.midi,2018/MIDI-Unprocessed_Recital13-15_MID--AUDIO_14_R1_2018_wav--1.wav,732.789064219
Franz Liszt,Sonetto 123 del Petrarca,validation,2009,2009/MIDI-Unprocessed_04_R1_2009_04-06_ORIG_MID--AUDIO_04_R1_2009_04_R1_2009_04_WAV.midi,2009/MIDI-Unprocessed_04_R1_2009_04-06_ORIG_MID--AUDIO_04_R1_2009_04_R1_2009_04_WAV.wav,412.511606719
